{
  "quality": {
    "precision": 0.9101902487868752,
    "recall": 0.6398981967834516,
    "f1_score": 0.7514785373608903,
    "pr_auc": 0.8559760706887786
  },
  "confusion_matrix": [
    [
      72428,
      1166
    ],
    [
      6650,
      11817
    ]
  ],
  "latency": {
    "latency_mean_ms": 0.009362808207515626,
    "latency_std_ms": 0.0005712300490378629,
    "latency_min_ms": 0.008884170092642307,
    "latency_max_ms": 0.012692499731201679
  },
  "throughput_samples_per_sec": 109049.21775837558,
  "peak_memory_mb": 0.04503631591796875,
  "quality_tuned": {
    "precision": 0.8098207798498426,
    "recall": 0.7242649049656144,
    "f1_score": 0.7646571191721694,
    "pr_auc": 0.8559760706887786
  },
  "best_threshold": 0.3199999999999999,
  "confusion_matrix_tuned": [
    [
      70453,
      3141
    ],
    [
      5092,
      13375
    ]
  ]
}