{
  "quality": {
    "precision": 0.7343570608495982,
    "recall": 0.8312665836356744,
    "f1_score": 0.7798125523862741,
    "pr_auc": 0.8819599826545613
  },
  "confusion_matrix": [
    [
      68041,
      5553
    ],
    [
      3116,
      15351
    ]
  ],
  "latency": {
    "latency_mean_ms": 0.008917416597250849,
    "latency_std_ms": 0.0005075234321436821,
    "latency_min_ms": 0.008266660152003169,
    "latency_max_ms": 0.011788329866249114
  },
  "throughput_samples_per_sec": 111823.18367182784,
  "peak_memory_mb": 0.052742958068847656,
  "quality_tuned": {
    "precision": 0.8346013125036297,
    "recall": 0.7781989494774463,
    "f1_score": 0.8054138877991369,
    "pr_auc": 0.8819599826545613
  },
  "best_threshold": 0.6199999999999998,
  "confusion_matrix_tuned": [
    [
      70746,
      2848
    ],
    [
      4096,
      14371
    ]
  ]
}