{
  "quality": {
    "precision": 0.8693178144196573,
    "recall": 0.7280012996155304,
    "f1_score": 0.7924083461039727,
    "pr_auc": 0.8853082228388769
  },
  "confusion_matrix": [
    [
      71573,
      2021
    ],
    [
      5023,
      13444
    ]
  ],
  "latency": {
    "latency_mean_ms": 3.273723208234878,
    "latency_std_ms": 0.2126879178699261,
    "latency_min_ms": 2.9777379101142287,
    "latency_max_ms": 3.8254079199396074
  },
  "throughput_samples_per_sec": 316.39754763880956,
  "peak_memory_mb": 0.4069671630859375,
  "quality_tuned": {
    "precision": 0.8648665941518972,
    "recall": 0.7319542968538474,
    "f1_score": 0.7928789300797747,
    "pr_auc": 0.8853082228388769
  },
  "best_threshold": 0.4899999999999998,
  "confusion_matrix_tuned": [
    [
      71482,
      2112
    ],
    [
      4950,
      13517
    ]
  ]
}